{"count":1,"self":34.9098144,"total":39.607371199999996,"children":{"InitializeActuators":{"count":1,"self":0.0010072,"total":0.0010072,"children":null},"InitializeSensors":{"count":1,"self":0.0015222,"total":0.0015222,"children":null},"AgentSendState":{"count":1724,"self":0.013088899999999999,"total":0.0638556,"children":{"CollectObservations":{"count":1724,"self":0.037161599999999996,"total":0.037161599999999996,"children":null},"WriteActionMask":{"count":1724,"self":0.0030632999999999997,"total":0.0030632999999999997,"children":null},"RequestDecision":{"count":1724,"self":0.010541799999999999,"total":0.010541799999999999,"children":null}}},"DecideAction":{"count":1724,"self":4.5679495999999995,"total":4.5679495999999995,"children":null},"AgentAct":{"count":1724,"self":0.06222,"total":0.06222,"children":null}},"gauges":{"kart.CumulativeReward":{"count":307,"max":10.8932915,"min":-10.0189571,"runningAverage":-7.04810572,"value":-3.024683,"weightedAverage":-6.925981}},"metadata":{"timer_format_version":"0.1.0","start_time_seconds":"1711667207","unity_version":"2022.3.18f1","command_line_arguments":"C:\\Program Files\\Unity\\Hub\\Editor\\2022.3.18f1\\Editor\\Unity.exe -projectpath C:\\Users\\Vincent\\Documents\\Cours\\GenieTI\\LOG725\\LOG725 -useHub -hubIPC -cloudEnvironment production -licensingIpc LicenseClient-vince -hubSessionId 2733508f-4a24-4834-98bc-90a59e39c9ec -accessToken OWv7GI8pnHPVDeoxcXVQ5GSqyFj4tIXWrYo5C2BZneo003f","communication_protocol_version":"1.5.0","com.unity.ml-agents_version":"2.0.1","scene_name":"DriftTrack","end_time_seconds":"1711667246"}}