{"count":1,"self":25.620023999999997,"total":29.6285226,"children":{"InitializeActuators":{"count":4,"self":0.0020104,"total":0.0020104,"children":null},"InitializeSensors":{"count":4,"self":0.0010081,"total":0.0010081,"children":null},"AgentSendState":{"count":1044,"self":0.0539633,"total":0.15640199999999999,"children":{"CollectObservations":{"count":4176,"self":0.076976599999999992,"total":0.076976599999999992,"children":null},"WriteActionMask":{"count":4176,"self":0.009944999999999999,"total":0.009944999999999999,"children":null},"RequestDecision":{"count":4176,"self":0.015517099999999999,"total":0.015517099999999999,"children":null}}},"DecideAction":{"count":1044,"self":3.8145903999999997,"total":3.8145903999999997,"children":null},"AgentAct":{"count":1044,"self":0.034487199999999996,"total":0.034487199999999996,"children":null}},"gauges":{"kart.CumulativeReward":{"count":41,"max":19.9721737,"min":-10.0089588,"runningAverage":-5.278041,"value":-4.007494,"weightedAverage":-4.975967}},"metadata":{"timer_format_version":"0.1.0","start_time_seconds":"1711478801","unity_version":"2022.3.18f1","command_line_arguments":"C:\\Program Files\\Unity\\Hub\\Editor\\2022.3.18f1\\Editor\\Unity.exe -projectpath C:\\Users\\Vincent\\Documents\\Cours\\GenieTI\\LOG725\\LOG725 -useHub -hubIPC -cloudEnvironment production -licensingIpc LicenseClient-vince -hubSessionId bfd2480a-860b-4f88-bb12-810e921f030c -accessToken J1w-dMFlfiHIMaLZukbIuc--jzeRdUqA0PN4eiWs43c003f","communication_protocol_version":"1.5.0","com.unity.ml-agents_version":"2.0.1","scene_name":"OvalTrack","end_time_seconds":"1711478830"}}