{"count":1,"self":106.697696,"total":108.32544709999999,"children":{"InitializeActuators":{"count":1,"self":0,"total":0,"children":null},"InitializeSensors":{"count":1,"self":0.00050559999999999993,"total":0.00050559999999999993,"children":null},"AgentSendState":{"count":396,"self":0.0044595,"total":0.024435099999999998,"children":{"CollectObservations":{"count":396,"self":0.012936099999999999,"total":0.012936099999999999,"children":null},"WriteActionMask":{"count":396,"self":0.00050539999999999992,"total":0.00050539999999999992,"children":null},"RequestDecision":{"count":396,"self":0.0065340999999999993,"total":0.0065340999999999993,"children":null}}},"DecideAction":{"count":396,"self":1.5802566,"total":1.5802566,"children":null},"AgentAct":{"count":396,"self":0.021544999999999998,"total":0.021544999999999998,"children":null}},"gauges":{"kart.CumulativeReward":{"count":39,"max":3.6343894,"min":-9.971439,"runningAverage":-5.15139771,"value":-5.0012536,"weightedAverage":-4.983678}},"metadata":{"timer_format_version":"0.1.0","start_time_seconds":"1711668110","unity_version":"2022.3.18f1","command_line_arguments":"C:\\Program Files\\Unity\\Hub\\Editor\\2022.3.18f1\\Editor\\Unity.exe -projectpath C:\\Users\\Vincent\\Documents\\Cours\\GenieTI\\LOG725\\LOG725 -useHub -hubIPC -cloudEnvironment production -licensingIpc LicenseClient-vince -hubSessionId 2733508f-4a24-4834-98bc-90a59e39c9ec -accessToken OWv7GI8pnHPVDeoxcXVQ5GSqyFj4tIXWrYo5C2BZneo003f","communication_protocol_version":"1.5.0","com.unity.ml-agents_version":"2.0.1","scene_name":"WindingTrack","end_time_seconds":"1711668218"}}